<?xml version="1.0" encoding="UTF-8"?>
<!DOCTYPE mapper PUBLIC "-//mybatis.org//DTD Mapper 3.0//EN" "http://mybatis.org/dtd/mybatis-3-mapper.dtd">
<mapper namespace="com.example.mapper.AddMapper">
 <select id="list" resultType="com.example.domain.AddVO">
 	select * from tbl_address 
 	<if test="searchType=='name'">
 	 where name like concat('%',#{keyword},'%')
 	</if> 
 	<if test="searchType=='tel'">
 	 where tel like concat('%',#{keyword},'%')
 	</if>
 	<if test="searchType=='addr'">
 	 where addr like concat('%',#{keyword},'%')
 	</if>
 	limit #{pageStart}, #{perPageNum}
 </select>
 <select id="totalCount" resultType="int">
 	select count(*) from tbl_address
 	<if test="searchType=='name'">
 	 where name like concat('%',#{keyword},'%')
 	</if> 
 	<if test="searchType=='tel'">
 	 where tel like concat('%',#{keyword},'%')
 	</if>
 	<if test="searchType=='addr'">
 	 where addr like concat('%',#{keyword},'%')
 	</if>
 </select>
</mapper>