<?xml version="1.0" encoding="UTF-8"?>
<!DOCTYPE mapper PUBLIC "-//mybatis.org//DTD Mapper 3.0//EN" "http://mybatis.org/dtd/mybatis-3-mapper.dtd">
<mapper namespace="com.example.mapper_oracle.DepositAccountMapper">
<insert id="depositaccountinsert">
	insert into depositaccount(depositaccountcode, depositaccountbankname, depositaccountname, depositaccountrate, depositaccount_startday, depositaccountamount) values(#{depositaccountcode}, #{depositaccountbankname},#{depositaccountname}, #{depositaccountrate},#{depositaccount_startday},#{depositaccountamount})
</insert>
<select id="depositaccountlist" resultType="hashmap">
	select * from depositView where startbalance=endbalance and companycode='347-88-00867' order by day desc
</select>
<insert id="depositinsert">
	insert into deposit(deposit_companycode, deposit_day, deposit_depositaccountcode, deposittype, depositamount, depositbalance) values(#{deposit_companycode}, #{deposit_day}, #{deposit_depositaccountcode}, #{deposittype}, #{depositamount}, #{depositbalance})
</insert>
<update id="depositaccountupdate">
	update depositaccount set depositaccountamount=#{depositaccountamount} where depositaccountcode=#{depositaccountcode}
</update>
</mapper>